id,ip1,ip2,ip3,ip4,tepat
0,2.3,1.97,1.8,1.56,Tidak
1,1.81,1.68,1.57,1.86,Tidak
2,3.07,3.0,2.75,3.21,Tidak
3,2.71,2.33,2.61,1.98,Tidak
4,3.17,3.02,3.28,2.96,Tidak
5,3.16,3.45,3.02,3.06,Tidak
6,2.72,2.5,2.92,3.0,Tidak
7,2.97,3.27,2.9,2.83,Tidak
8,2.72,2.61,2.64,2.46,Tidak
9,2.78,2.85,3.08,3.35,Tidak
10,2.5,1.56,3.17,3.33,Tidak
11,2.19,2.92,2.54,2.67,Tidak
12,3.43,3.18,3.41,3.45,Ya
13,3.14,2.75,3.01,3.38,Tidak
14,3.04,2.95,3.14,2.98,Ya
15,2.83,2.56,3.0,2.79,Ya
16,2.6,2.72,3.08,2.54,Ya
17,2.98,3.02,2.98,2.9,Ya
18,3.1,3.34,3.38,3.42,Ya
19,2.52,2.36,1.85,2.73,Ya
20,3.17,3.5,3.46,3.58,Ya
21,3.06,3.21,3.23,3.35,Ya
22,2.92,1.78,3.21,3.04,Ya
23,3.0,1.5,3.23,3.15,Ya
24,3.1,3.39,3.17,3.08,Ya
25,2.84,3.02,3.21,2.83,Ya
26,3.02,2.97,3.04,3.04,Ya
27,2.95,3.4,2.67,3.42,Ya
28,3.02,3.48,3.15,3.19,Ya
29,3.11,3.48,2.73,3.35,Ya
30,2.91,3.31,3.18,3.15,Ya
31,3.3,3.31,2.6,3.17,Ya
32,2.98,3.31,2.6,3.17,Ya
33,2.88,2.73,2.6,3.15,Ya
34,3.02,3.38,3.2,3.17,Ya
35,3.32,3.58,3.38,3.38,Ya
36,3.32,3.65,3.42,3.42,Ya
37,3.16,3.56,3.1,3.58,Ya
38,3.3,3.37,3.12,3.54,Ya
39,3.32,3.38,3.47,3.6,Ya
40,2.95,2.73,3.1,3.46,Ya
41,3.18,3.5,2.75,3.32,Ya
42,3.22,3.48,2.62,3.15,Ya
43,3.39,3.55,3.23,3.04,Ya
44,3.1,2.58,2.75,2.67,Ya
45,2.44,2.86,2.86,1.58,Tidak
46,3.02,3.1,3.04,3.24,Ya
47,2.68,2.89,2.77,2.85,Ya
48,3.24,3.12,3.2,3.7,Ya
49,3.02,3.0,2.94,3.46,Ya
50,3.15,3.27,3.02,3.32,Ya
51,2.71,2.88,2.65,2.65,Ya
52,2.57,2.45,2.79,2.99,Ya
53,3.62,3.56,3.54,3.79,Ya
54,2.97,2.85,3.05,2.97,Ya
55,3.13,3.0,3.33,2.47,Tidak
56,2.8,2.81,2.65,3.28,Ya
57,2.86,2.77,2.67,3.33,Ya
58,2.83,3.13,3.02,3.4,Ya
59,2.87,3.12,2.93,3.47,Ya
60,2.91,3.17,2.95,3.34,Ya
61,2.94,3.19,2.84,3.52,Ya
62,2.94,3.19,3.05,3.64,Ya
63,2.94,3.23,3.09,3.57,Ya
64,2.86,2.67,3.14,3.26,Ya
65,2.85,2.83,2.84,3.47,Ya
66,2.99,3.12,2.89,3.43,Ya
67,2.82,2.94,2.52,3.17,Ya
68,2.66,3.44,2.77,3.57,Ya
69,3.13,2.9,2.73,3.34,Ya
70,3.25,2.75,3.25,2.89,Ya
71,3.35,2.96,2.8,3.24,Ya
72,3.35,2.79,2.89,3.52,Ya
73,3.4,3.62,2.93,3.61,Ya
74,3.4,3.15,2.95,3.5,Ya
75,3.43,3.22,3.06,3.16,Ya
76,3.35,2.91,3.14,3.34,Ya
77,3.49,3.22,3.08,3.59,Ya
78,3.5,2.71,3.16,3.5,Ya
79,2.71,3.25,2.71,2.5,Ya
80,2.88,2.86,2.96,3.24,Tidak
81,3.18,3.34,3.19,3.47,Ya
82,2.92,1.5,2.94,3.04,Ya
83,2.86,2.3,2.76,3.12,Ya
84,3.04,3.07,2.98,3.01,Tidak
85,2.7,2.41,2.98,3.09,Ya
86,3.12,3.27,3.19,3.18,Ya
87,3.05,2.28,2.74,3.09,Ya
88,2.5,2.12,2.53,2.34,Ya
89,3.12,2.69,2.03,2.75,Ya
90,2.89,2.68,2.65,1.15,Ya
91,3.0,2.95,2.99,1.16,Ya
92,3.23,2.91,2.98,3.41,Ya
93,3.06,3.34,3.22,3.43,Ya
94,3.05,2.91,3.04,3.19,Ya
95,2.98,3.07,2.7,3.12,Ya
96,3.32,3.11,2.96,3.59,Ya
97,2.82,3.11,2.66,1.13,Ya
98,2.89,3.09,3.06,3.26,Ya
99,3.0,3.14,3.28,3.25,Ya
100,2.73,3.25,2.22,3.06,Ya
101,2.92,2.64,2.59,1.09,Ya
102,3.12,2.94,2.96,3.13,Ya
103,2.98,3.22,3.5,3.51,Ya
104,3.0,3.38,3.24,3.32,Ya
105,2.94,3.1,3.37,3.42,Ya
106,2.8,3.22,2.98,3.09,Ya
107,2.76,3.07,3.43,3.08,Ya
108,2.16,3.0,2.5,3.13,Ya
109,2.95,3.0,3.2,3.26,Ya
110,3.06,2.94,3.31,3.44,Ya
111,2.95,3.06,2.85,3.27,Ya
112,2.95,2.97,2.38,2.18,Ya
113,3.1,2.84,3.14,3.1,Ya
114,3.18,3.09,2.8,3.06,Ya
115,2.98,3.03,2.88,3.15,Ya
116,2.84,3.12,2.72,2.93,Ya
117,3.25,3.54,3.49,3.28,Ya
118,2.81,2.97,3.04,2.82,Tidak
119,3.19,3.22,3.35,3.02,Ya
120,2.9,3.16,3.2,3.18,Ya
121,2.98,2.81,2.81,2.91,Ya
122,2.89,2.95,3.06,3.04,Tidak
123,2.85,3.12,2.54,3.1,Ya
124,2.96,2.95,2.99,3.2,Ya
125,3.3,3.28,3.41,3.56,Ya
126,3.28,2.92,3.2,3.52,Ya
127,3.1,3.31,3.31,3.52,Ya
128,3.02,3.02,3.16,3.5,Ya
129,2.71,3.1,3.14,3.4,Ya
130,3.06,2.8,3.25,3.56,Ya
131,3.15,2.82,3.31,3.42,Ya
132,2.68,3.06,2.75,3.07,Ya
133,3.1,3.16,3.75,3.39,Ya
134,2.85,2.94,3.19,3.12,Ya
135,3.27,3.32,3.32,3.48,Ya
136,2.63,3.52,3.27,3.58,Ya
137,2.85,2.92,3.04,3.23,Ya
138,3.32,3.39,3.25,3.25,Ya
139,3.21,3.45,3.31,3.31,Ya
140,2.83,3.09,3.5,3.46,Ya
141,3.15,3.34,3.56,3.4,Ya
142,3.11,2.88,3.14,3.06,Ya
143,2.98,3.05,3.35,3.4,Ya
144,3.02,3.23,3.42,3.38,Ya
145,3.06,3.05,3.38,3.44,Ya
146,3.15,3.38,3.44,3.44,Ya
147,3.48,3.44,3.48,3.4,Ya
148,2.81,3.23,3.04,3.35,Ya
149,2.33,3.33,2.83,3.21,Tidak
150,2.94,3.09,2.9,3.4,Ya
151,2.96,3.09,3.15,3.35,Ya
152,3.64,3.38,3.65,3.46,Ya
153,2.67,3.25,2.65,3.43,Ya
154,3.13,3.27,3.15,3.4,Tidak
155,3.19,3.48,2.82,3.59,Ya
156,3.06,2.55,2.77,2.98,Tidak
157,2.94,3.48,3.02,2.89,Ya
158,2.67,2.59,2.75,2.84,Ya
159,2.87,2.98,2.97,3.0,Ya
160,3.34,3.17,3.42,3.3,Ya
161,3.26,3.32,3.21,2.92,Ya
162,3.53,3.5,3.58,3.39,Ya
163,3.23,2.48,3.34,2.91,Ya
164,3.52,2.8,3.61,3.05,Ya
165,3.2,3.32,2.87,2.82,Ya
166,2.98,3.16,2.95,2.98,Ya
167,3.25,2.75,2.05,2.91,Ya
168,3.06,2.73,2.63,2.52,Ya
169,3.12,3.36,2.18,2.78,Ya
170,2.84,2.89,1.97,2.7,Ya
171,2.86,2.32,2.89,2.77,Ya
172,2.77,2.16,3.13,2.8,Ya
173,3.19,3.14,3.58,2.93,Ya
174,3.2,2.41,3.24,2.84,Ya
175,3.18,3.0,3.0,2.84,Ya
176,3.22,2.39,3.16,3.18,Ya
177,3.26,3.08,3.34,3.41,Ya
178,2.95,2.92,3.04,2.88,Ya
179,2.88,3.35,2.74,3.08,Ya
180,3.75,3.25,2.17,3.36,Ya
181,3.08,3.31,3.34,2.8,Ya
182,2.88,3.17,2.94,3.15,Ya
183,3.41,3.16,3.28,3.34,Tidak
184,3.15,3.12,3.22,3.28,Ya
185,3.32,3.52,3.64,3.55,Ya
186,3.26,3.48,3.46,3.45,Ya
187,3.08,3.44,3.46,3.65,Ya
188,3.42,3.6,3.64,3.5,Ya
189,3.35,3.4,3.39,3.52,Ya
190,3.2,3.38,3.43,3.32,Ya
191,2.73,3.44,3.5,3.66,Ya
192,3.22,3.44,3.57,3.57,Ya
193,3.0,3.35,3.29,3.38,Ya
194,3.2,3.42,3.36,3.42,Ya
195,3.1,3.37,3.36,3.42,Ya
196,2.85,3.45,2.86,2.95,Ya
197,3.32,3.5,3.38,2.44,Ya
198,2.94,1.38,2.12,1.52,Ya
199,3.18,1.79,2.94,1.85,Ya
200,3.16,1.84,2.75,1.96,Ya
201,2.75,0.23,1.25,1.56,Ya
202,2.83,2.07,1.25,1.44,Ya
203,3.17,1.14,0.88,1.77,Ya
204,3.28,3.0,3.1,2.61,Ya
205,3.32,0.95,3.35,2.04,Ya
206,2.36,1.44,2.65,1.54,Ya
207,2.06,2.38,1.88,1.5,Tidak
208,2.98,2.89,3.15,3.08,Tidak
209,3.56,3.34,3.35,3.35,Tidak
210,3.06,2.61,0.55,1.46,Ya
211,2.21,2.34,1.72,1.31,Tidak
212,2.92,2.75,3.29,2.04,Ya
213,3.07,2.07,3.29,2.12,Ya
214,2.95,2.16,3.21,2.08,Ya
215,3.11,2.2,3.35,2.12,Ya
216,3.48,2.25,3.54,2.23,Ya
217,3.27,2.12,3.44,2.19,Ya
218,3.27,2.12,3.41,2.02,Ya
219,3.27,1.91,3.39,2.08,Ya
220,3.2,2.11,3.44,2.0,Ya
221,3.05,2.18,3.35,2.15,Ya
222,3.2,2.21,3.39,2.15,Ya
223,3.0,2.04,3.32,2.15,Ya
224,2.95,3.56,3.33,2.1,Ya
225,2.91,3.47,3.16,1.9,Ya
226,3.0,3.19,3.27,1.98,Ya
227,2.59,3.47,3.08,1.79,Ya
228,3.09,3.04,3.15,3.55,Tidak
229,1.94,1.37,2.04,2.14,Tidak
230,3.23,3.2,3.14,3.56,Tidak
231,3.12,3.35,2.72,1.97,Tidak
232,2.2,2.48,2.51,1.39,Tidak
233,2.85,2.32,2.16,3.12,Tidak
234,2.49,1.67,1.63,3.11,Tidak
235,2.87,3.01,3.16,3.1,Tidak
236,3.15,3.02,3.4,3.48,Tidak
237,1.96,3.08,1.65,3.06,Tidak
238,3.18,3.12,3.2,3.23,Tidak
239,2.52,3.03,2.25,2.94,Tidak
240,2.91,2.95,2.2,2.76,Tidak
241,2.62,3.0,2.75,3.22,Tidak
242,2.3,3.02,2.74,3.4,Tidak
243,2.82,2.83,2.8,3.07,Tidak
244,2.65,2.75,2.48,3.08,Tidak
245,2.83,1.48,1.87,2.44,Tidak
246,3.16,3.34,3.18,3.27,Tidak
247,3.04,2.8,2.94,3.47,Tidak
248,1.57,1.68,2.93,2.81,Ya
249,3.3,2.98,2.91,3.19,Tidak
250,2.48,3.06,3.04,3.31,Ya
251,2.84,3.42,3.38,3.52,Ya
252,2.5,2.33,2.98,3.19,Ya
253,2.7,2.59,3.12,3.44,Ya
254,2.89,3.44,3.19,3.35,Ya
255,2.98,3.14,3.2,3.11,Tidak
256,2.93,3.52,3.35,3.21,Ya
257,2.75,1.52,2.58,2.65,Tidak
258,2.75,3.19,3.02,2.94,Ya
259,3.27,3.46,3.44,3.42,Ya
260,2.91,2.98,2.96,2.83,Ya
261,2.7,3.04,3.08,2.75,Ya
262,3.32,3.17,3.18,2.06,Ya
263,3.23,3.38,3.52,3.17,Ya
264,3.48,3.48,3.48,3.67,Ya
265,3.61,3.67,3.69,3.77,Ya
266,3.41,3.4,3.62,3.5,Ya
267,3.22,3.29,3.44,3.48,Ya
268,3.45,3.54,3.48,3.52,Ya
269,3.3,3.35,3.38,3.46,Ya
270,3.68,3.58,3.62,3.6,Ya
271,3.66,3.6,3.65,3.58,Ya
272,3.5,3.5,3.46,3.44,Ya
273,3.34,3.2,3.38,3.5,Ya
274,2.91,3.04,3.25,3.48,Ya
275,3.36,3.25,3.42,3.6,Ya
276,3.0,3.13,3.12,3.29,Ya
277,3.34,3.38,3.48,3.6,Ya
278,2.91,3.31,3.48,3.46,Ya
279,2.78,2.81,2.98,3.29,Ya
280,3.18,3.46,3.4,3.62,Ya
281,3.55,3.54,3.6,3.71,Ya
282,3.34,3.56,3.58,3.6,Ya
283,3.52,3.38,3.33,3.52,Ya
284,3.57,3.35,3.44,3.75,Ya
285,3.5,3.33,3.46,3.58,Ya
286,3.09,3.35,3.52,3.56,Ya
287,2.84,1.21,3.38,3.57,Ya
288,3.32,3.75,3.4,3.35,Ya
289,3.09,2.93,3.5,3.65,Ya
290,2.68,2.0,3.29,3.33,Ya
291,2.93,2.82,3.0,3.0,Tidak
292,2.7,1.1,3.32,2.9,Ya
293,2.77,1.25,3.3,3.12,Ya
294,3.05,1.4,3.39,3.28,Ya
295,3.08,1.3,3.43,3.3,Ya
296,2.56,0.95,3.21,3.05,Ya
297,2.3,2.52,3.38,2.38,Ya
298,1.69,2.81,2.73,2.41,Ya
299,2.89,3.35,3.22,3.06,Ya
300,2.5,2.52,2.65,3.08,Ya
301,3.38,3.42,3.72,3.4,Ya
302,3.71,3.44,3.77,3.05,Ya
303,3.06,3.48,3.03,2.85,Ya
304,2.58,3.45,3.23,3.49,Ya
305,3.38,3.38,3.07,3.01,Ya
306,3.48,3.56,3.58,3.19,Tidak
307,3.3,3.32,3.18,2.92,Ya
308,3.6,3.6,3.43,3.28,Ya
309,2.49,3.18,3.33,2.92,Ya
310,3.5,3.38,3.52,3.26,Ya
311,3.55,3.46,3.27,2.98,Ya
312,3.47,3.5,3.68,3.55,Ya
313,3.06,3.23,3.43,3.34,Ya
314,3.5,3.42,3.25,3.02,Ya
315,3.55,3.6,3.5,3.4,Ya
316,3.47,3.27,3.07,3.25,Ya
317,3.46,3.21,3.58,3.61,Ya
318,3.37,3.38,3.32,3.75,Ya
319,2.95,3.08,3.12,3.19,Ya
320,3.52,3.21,3.6,3.59,Ya
321,3.53,3.04,3.63,3.75,Ya
322,3.45,3.21,3.69,3.53,Ya
323,3.11,3.0,3.5,3.28,Ya
324,3.19,3.17,3.46,3.5,Ya
325,3.58,3.23,3.58,3.64,Ya
326,3.31,3.43,3.62,3.44,Ya
327,3.55,3.35,3.81,3.62,Ya
328,2.58,1.28,3.63,3.41,Ya
329,3.25,3.42,3.56,3.71,Ya
330,2.7,1.25,3.65,3.36,Ya
331,2.73,1.14,3.35,3.44,Ya
332,3.11,1.25,3.67,3.5,Ya
333,2.83,1.32,3.58,3.16,Ya
334,3.21,2.9,3.46,3.27,Ya
335,2.5,2.52,3.75,3.78,Ya
336,3.38,3.2,3.48,3.13,Ya
337,2.45,3.34,3.1,2.64,Ya
338,1.51,3.12,2.77,3.65,Ya
339,2.65,1.55,2.94,2.85,Ya
340,2.7,1.72,2.72,2.93,Ya
341,2.58,1.72,2.95,2.62,Tidak
342,3.13,3.3,3.06,3.17,Tidak
343,3.38,3.28,3.39,3.34,Ya
344,3.11,3.43,3.27,3.09,Tidak
345,3.15,3.3,3.08,3.08,Ya
346,3.34,3.41,2.9,2.66,Ya
347,3.36,3.41,3.06,2.58,Ya
348,3.39,3.34,2.99,2.63,Ya
349,3.43,3.43,3.07,2.65,Ya
350,3.32,3.4,3.05,2.63,Ya
351,3.52,3.45,3.51,2.71,Ya
352,3.48,3.39,3.05,2.79,Ya
353,3.36,3.16,2.92,2.5,Ya
354,3.32,3.36,3.39,2.6,Ya
355,3.29,3.2,2.96,2.38,Ya
356,3.27,3.27,2.92,1.83,Ya
357,3.32,3.23,2.82,2.52,Ya
358,1.88,1.42,3.16,3.29,Ya
359,1.9,1.09,3.14,3.35,Ya
360,2.19,1.89,3.14,3.37,Ya
361,3.27,1.8,3.2,3.28,Ya
362,1.86,1.84,3.2,3.37,Ya
363,1.8,1.52,3.09,3.4,Ya
364,2.05,1.91,3.24,3.41,Ya
365,1.99,1.77,3.21,3.34,Ya
366,1.85,1.64,3.15,3.37,Ya
367,1.92,1.57,3.0,3.15,Ya
368,2.17,1.8,3.16,3.31,Ya
369,2.25,1.73,3.14,3.47,Ya
370,2.09,1.64,3.11,3.48,Ya
371,2.05,1.66,3.04,3.06,Ya
372,2.25,1.84,3.19,3.64,Ya
373,2.25,1.64,3.18,3.25,Ya
374,2.53,1.89,3.19,3.5,Ya
375,2.2,1.57,3.0,3.28,Ya
376,3.07,2.14,3.11,3.51,Ya
377,2.84,2.19,3.51,3.4,Ya
378,2.86,2.19,3.46,3.43,Ya
379,2.62,2.38,3.56,3.59,Ya
380,2.81,2.19,3.39,3.46,Ya
381,2.78,2.06,3.44,3.19,Ya
382,2.84,2.0,3.46,3.19,Ya
383,2.41,2.22,3.44,3.31,Ya
384,2.72,2.18,3.26,3.36,Ya
385,3.17,2.41,3.57,3.37,Ya
386,3.36,2.34,3.6,3.44,Ya
387,3.06,2.07,3.49,3.11,Ya
388,3.32,3.25,2.92,2.56,Ya
389,3.15,3.14,3.29,3.41,Tidak
390,2.5,3.31,3.24,3.22,Ya
391,2.85,3.22,3.28,3.31,Ya
392,2.59,3.25,3.21,3.22,Ya
393,2.43,3.11,3.16,2.97,Ya
394,2.69,3.17,2.89,2.99,Ya
395,2.75,3.25,3.21,3.06,Ya
396,2.55,3.17,2.84,2.84,Ya
397,2.88,2.75,3.28,3.19,Ya
398,2.8,2.83,2.91,2.56,Ya
399,2.16,3.14,3.16,2.85,Ya
400,2.66,2.78,2.85,2.69,Ya
401,3.15,3.31,3.51,3.07,Ya
402,2.5,3.09,3.18,3.06,Ya
403,2.48,2.97,2.82,3.13,Ya
404,2.6,2.79,3.07,3.07,Ya
405,3.14,3.28,3.32,3.56,Ya
406,3.05,3.22,3.26,3.49,Ya
407,2.65,3.07,3.12,3.01,Ya
408,3.15,3.22,3.32,3.32,Ya
409,3.11,3.06,3.21,3.45,Ya
410,2.21,3.11,3.01,2.69,Ya
411,2.36,3.14,3.14,2.76,Ya
412,2.82,3.19,3.25,3.28,Ya
413,2.89,2.86,3.15,2.41,Ya
414,3.14,3.75,3.18,3.26,Ya
415,3.31,3.22,3.44,3.23,Ya
416,2.44,3.08,2.65,2.76,Ya
417,3.15,3.3,3.04,3.01,Ya
418,2.54,3.33,1.77,2.86,Ya
419,3.02,2.48,0.81,3.45,Ya
420,3.35,2.34,2.92,3.39,Ya
421,3.27,3.42,2.69,3.52,Ya
422,3.06,3.34,3.07,2.84,Tidak
423,3.17,3.11,3.17,3.08,Ya
424,3.31,3.14,3.17,3.21,Ya
425,3.53,3.53,3.19,2.73,Ya
426,3.35,3.37,3.44,3.15,Ya
427,3.42,3.27,3.23,3.13,Ya
428,3.19,3.39,3.52,3.13,Ya
429,2.85,3.25,2.06,3.45,Ya
430,1.68,2.05,3.32,3.31,Ya
431,1.75,1.95,1.82,2.28,Ya
432,3.29,3.25,3.01,3.32,Tidak
433,3.22,3.45,3.19,3.54,Tidak
434,2.49,3.29,2.99,2.93,Tidak
435,2.84,3.16,2.82,3.25,Tidak
436,2.98,1.95,3.06,2.48,Ya
437,3.0,2.5,3.17,2.54,Ya
438,3.3,3.32,3.39,3.18,Ya
439,0.85,2.95,3.22,2.52,Ya
440,3.24,2.93,3.22,2.48,Ya
441,3.41,3.11,3.04,2.48,Ya
442,3.22,3.43,3.54,3.16,Ya
443,3.08,2.98,3.39,2.39,Ya
444,3.21,3.07,3.24,2.35,Ya
445,3.22,3.0,3.24,2.41,Ya
446,1.5,3.09,3.63,2.61,Ya
447,3.4,2.73,3.57,2.5,Ya
448,3.22,2.91,3.22,2.39,Ya
449,3.04,2.93,2.91,2.39,Ya
450,0.83,3.75,3.18,3.38,Ya
451,3.48,3.3,3.14,3.22,Tidak
452,2.77,3.2,2.65,2.25,Ya
453,2.93,3.2,2.65,2.25,Ya
454,3.14,3.16,3.02,2.2,Ya
455,3.11,3.23,3.16,2.15,Tidak
456,2.95,3.25,1.95,1.83,Ya
457,3.11,3.2,2.14,2.05,Ya
458,3.0,3.14,2.08,0.9,Ya
459,2.68,2.52,1.4,1.62,Ya
460,3.07,3.27,2.65,2.25,Ya
461,3.05,3.64,3.01,2.68,Ya
462,3.07,3.34,3.02,3.02,Tidak
463,2.95,3.27,2.58,1.96,Tidak
464,2.7,3.36,2.68,2.56,Ya
465,2.59,3.52,2.45,2.66,Ya
466,3.16,3.11,3.09,3.25,Ya
467,3.11,3.02,3.08,3.25,Ya
468,3.57,3.48,3.5,3.58,Ya
469,3.32,3.36,3.59,3.42,Ya
470,2.67,3.36,3.41,3.5,Ya
471,2.93,3.14,2.92,3.45,Ya
472,3.0,3.05,2.89,3.2,Ya
473,3.54,3.39,3.46,3.71,Ya
474,3.32,3.05,3.18,3.25,Ya
475,3.04,3.05,3.31,3.29,Ya
476,3.32,3.2,3.2,3.55,Ya
477,3.36,3.39,3.56,3.46,Ya
478,3.0,3.08,3.31,3.61,Ya
479,3.58,3.13,3.29,3.42,Ya
480,2.89,2.88,2.83,3.52,Ya
481,2.94,3.65,2.95,3.45,Ya
482,2.27,2.0,2.76,2.93,Ya
483,3.33,3.33,3.56,3.64,Ya
484,2.94,2.56,2.83,3.02,Ya
485,3.17,3.12,3.43,3.22,Ya
486,2.91,3.12,3.48,3.61,Ya
487,2.45,3.0,3.25,3.43,Ya
488,3.15,3.0,3.52,3.59,Ya
489,2.91,3.11,2.98,3.09,Ya
490,3.15,3.36,3.38,3.41,Tidak
491,3.04,3.18,3.39,3.43,Tidak
492,3.08,3.05,3.42,3.14,Ya
493,3.54,2.77,3.8,3.68,Ya
494,3.21,2.79,3.28,3.45,Ya
495,3.46,2.7,3.73,3.66,Ya
496,3.14,2.25,3.3,3.57,Ya
497,3.17,2.41,3.48,3.59,Ya
498,3.29,2.25,3.72,3.5,Ya
499,3.1,2.8,3.17,3.61,Ya
500,3.12,2.52,3.48,3.64,Ya
501,3.25,2.45,3.58,3.57,Ya
502,3.22,1.91,2.52,3.59,Ya
503,3.25,2.35,3.59,3.57,Ya
504,3.08,2.6,3.3,3.57,Ya
505,3.42,2.79,3.7,3.8,Ya
506,3.6,3.28,3.52,3.7,Ya
507,3.07,3.19,3.4,3.2,Ya
508,3.19,3.26,3.52,3.3,Ya
509,2.8,2.08,2.29,2.4,Tidak
510,3.27,3.29,3.46,3.55,Ya
511,3.08,4.0,2.71,3.27,Ya
512,3.26,3.0,3.9,3.66,Ya
513,2.56,2.62,2.48,3.15,Ya
514,2.97,3.85,3.5,3.7,Ya
515,3.07,3.35,3.56,3.5,Ya
516,2.23,2.0,2.03,1.88,Ya
517,3.19,3.02,2.57,3.57,Ya
518,1.68,3.3,3.11,2.92,Ya
519,2.91,3.4,3.48,3.5,Ya
520,3.03,3.48,3.83,3.48,Ya
521,3.33,3.2,3.52,3.57,Ya
522,2.54,3.27,2.9,2.95,Ya
523,2.23,2.48,2.5,2.48,Ya
524,2.91,2.95,3.52,2.78,Ya
525,3.45,3.25,3.65,3.61,Ya
526,2.71,2.99,3.22,3.05,Ya
527,3.17,2.37,2.08,3.06,Ya
528,2.38,2.58,3.4,3.11,Ya
529,3.23,2.63,2.98,3.16,Ya
530,3.24,2.8,3.42,3.16,Ya
531,2.85,2.58,3.37,2.34,Ya
532,3.09,3.62,3.45,3.34,Ya
533,3.19,3.48,3.43,3.39,Ya
534,3.15,3.73,3.82,3.43,Ya
535,3.31,3.59,2.67,3.67,Ya
536,3.06,3.59,3.48,3.39,Ya
537,2.91,3.68,3.38,2.93,Ya
538,3.12,3.67,3.52,3.61,Ya
539,3.08,3.59,3.52,3.16,Ya
540,2.97,3.66,3.43,3.32,Ya
541,3.09,3.59,3.6,2.98,Ya
542,3.18,3.72,3.75,3.39,Ya
543,3.01,3.65,3.77,3.41,Ya
544,3.2,3.47,3.63,3.5,Ya
545,3.2,3.67,3.58,3.45,Ya
546,2.97,3.6,3.42,3.34,Ya
547,3.35,3.63,3.63,3.36,Ya
548,3.34,3.66,3.48,3.34,Ya
549,3.45,3.62,3.67,3.34,Ya
550,2.96,3.49,3.42,3.23,Ya
551,3.27,3.66,3.63,3.48,Ya
552,3.02,3.31,3.45,3.11,Ya
553,3.51,3.72,3.63,3.68,Ya
554,3.05,3.45,3.47,3.2,Ya
555,2.81,3.45,3.67,3.27,Ya
556,2.86,3.4,3.23,3.2,Ya
557,3.32,3.48,3.58,3.57,Ya
558,2.39,3.46,3.08,3.34,Ya
559,2.4,3.28,3.05,3.39,Ya
560,2.98,3.71,3.43,3.7,Ya
561,1.62,2.51,2.04,1.9,Ya
562,2.56,2.93,2.5,3.16,Ya
563,3.02,3.56,2.77,3.23,Ya
564,3.02,3.71,3.48,3.45,Ya
565,2.83,3.04,2.88,3.35,Ya
566,2.59,3.56,3.1,1.18,Ya
567,2.9,3.49,3.08,3.55,Ya
568,3.22,3.72,3.28,3.55,Ya
569,2.74,3.21,2.68,3.48,Ya
570,2.69,3.06,3.13,3.43,Ya
571,2.56,3.34,2.49,3.3,Ya
572,2.9,3.42,2.91,3.44,Ya
573,2.93,3.22,2.97,3.5,Ya
574,2.47,3.41,2.22,1.96,Ya
575,2.98,3.72,3.47,3.34,Ya
576,2.92,3.4,3.37,3.36,Ya
577,2.38,3.13,3.42,3.25,Ya
578,3.08,3.5,3.55,3.45,Ya
579,3.03,3.72,3.47,3.7,Ya
580,3.35,3.54,2.89,3.64,Ya
581,3.15,3.64,3.22,3.57,Ya
582,2.87,3.65,3.29,3.14,Ya
583,3.04,3.34,3.42,3.08,Ya
584,2.8,3.07,3.11,2.73,Ya
585,3.57,3.5,3.58,3.48,Ya
586,3.07,3.35,3.36,3.51,Ya
587,2.63,2.83,3.36,3.46,Ya
588,2.9,3.62,3.61,3.43,Ya
589,3.15,3.45,3.25,3.59,Ya
590,3.01,3.51,3.28,3.43,Ya
591,3.73,3.64,3.56,3.72,Ya
592,3.33,3.28,3.44,3.61,Ya
593,3.03,3.59,3.47,3.31,Ya
594,3.51,3.7,3.44,3.68,Ya
595,3.25,3.6,3.39,3.49,Ya
596,2.91,3.26,3.22,3.56,Ya
597,2.91,3.28,3.28,3.13,Ya
598,2.91,3.4,3.36,3.42,Ya
599,2.98,3.58,3.5,3.54,Ya
600,3.02,3.38,3.22,3.44,Ya
601,3.58,3.84,3.25,3.64,Ya
602,2.92,3.15,3.28,3.32,Ya
603,3.08,3.59,3.39,3.49,Ya
604,2.25,1.35,3.25,3.06,Ya
605,3.4,3.48,3.36,3.7,Ya
606,3.25,3.11,3.19,3.29,Tidak
607,2.82,2.79,3.17,3.04,Ya
608,3.15,3.17,3.22,3.15,Ya
609,3.2,3.19,3.14,3.38,Ya
610,3.05,3.11,3.03,3.11,Ya
611,3.1,3.17,3.28,3.46,Ya
612,3.4,3.24,3.28,3.46,Ya
613,2.9,3.09,3.14,3.38,Ya
614,3.18,2.89,3.28,3.3,Ya
615,2.92,2.83,3.22,3.12,Ya
616,1.7,1.54,2.28,1.56,Ya
617,2.5,2.37,2.92,3.36,Ya
618,3.02,2.78,2.81,3.1,Ya
619,3.42,3.48,3.28,3.74,Ya
620,3.62,3.55,3.64,3.72,Ya
621,3.4,3.33,3.14,3.63,Ya
622,3.6,3.47,3.36,3.73,Ya
623,2.4,2.22,3.22,3.2,Ya
624,3.25,2.9,3.03,3.5,Tidak
625,3.15,3.17,3.14,3.38,Ya
626,3.32,2.93,3.22,3.59,Ya
627,3.18,2.6,3.25,3.2,Tidak
628,3.32,3.07,3.31,3.48,Ya
629,3.62,3.1,3.03,3.57,Tidak
630,3.22,2.86,2.86,3.19,Ya
631,2.51,1.35,2.77,2.98,Ya
632,2.67,1.77,2.96,3.06,Ya
633,2.67,1.46,3.42,3.12,Ya
634,2.38,1.55,2.79,3.52,Ya
635,2.2,2.39,2.85,3.0,Ya
636,2.91,2.55,3.09,2.93,Ya
637,3.1,2.72,3.4,3.1,Tidak
638,3.23,2.78,3.35,2.83,Ya
639,3.21,2.27,3.0,2.45,Ya
640,3.4,3.06,3.56,3.02,Ya
641,3.47,3.32,3.77,3.29,Ya
642,3.1,2.45,3.04,2.88,Ya
643,2.46,2.61,3.08,2.48,Ya
644,2.66,2.77,3.03,3.26,Ya
645,3.07,3.31,3.37,3.42,Ya
646,2.97,2.81,3.11,3.34,Ya
647,3.02,2.83,3.0,3.51,Ya
648,3.47,2.95,3.3,3.74,Ya
649,3.05,2.95,3.29,3.57,Tidak
650,3.65,3.44,3.34,3.45,Ya
651,3.01,3.4,3.26,3.25,Tidak
652,1.9,1.62,3.24,3.34,Ya
653,3.01,3.05,3.03,3.31,Tidak
654,3.36,3.7,3.67,3.71,Ya
655,3.01,3.22,3.09,3.33,Tidak
656,3.29,3.24,3.25,3.25,Ya
657,2.76,2.61,3.16,3.34,Ya
658,3.22,2.48,3.13,3.25,Tidak
659,3.13,2.94,2.68,3.42,Ya
660,3.0,3.19,3.2,3.25,Ya
661,3.32,3.44,3.58,3.34,Tidak
662,3.39,2.59,3.0,2.19,Tidak
663,2.38,2.39,2.54,2.75,Tidak
664,2.62,2.93,2.63,2.25,Tidak
665,3.42,3.75,3.42,3.31,Ya
666,3.6,3.72,3.82,3.61,Ya
667,2.67,2.68,3.61,3.0,Tidak
668,3.25,2.92,2.87,2.83,Tidak
669,3.31,3.54,3.36,3.12,Tidak
670,2.76,2.85,3.03,3.21,Ya
671,3.19,3.11,3.19,2.41,Tidak
672,3.6,3.36,3.34,3.3,Tidak
673,3.86,3.64,3.49,3.45,Tidak
674,2.84,2.34,2.72,2.81,Tidak
675,3.47,3.42,3.57,3.65,Ya
676,3.34,3.22,3.31,3.43,Ya
677,3.6,3.53,3.44,3.59,Ya
678,3.39,3.14,3.17,3.39,Ya
679,3.26,3.05,3.36,3.51,Ya
680,3.31,3.22,3.65,3.66,Ya
681,3.28,3.23,3.12,3.27,Ya
682,3.21,3.11,3.12,3.33,Ya
683,3.27,3.2,3.32,3.43,Ya
684,3.45,3.48,3.38,3.55,Ya
685,3.32,3.14,3.14,3.42,Ya
686,3.33,3.07,3.12,3.41,Ya
687,3.24,3.1,3.25,3.51,Ya
688,3.23,3.14,3.11,3.23,Ya
689,3.42,3.33,3.56,3.64,Ya
690,3.28,3.42,3.29,3.5,Ya
691,3.44,3.12,3.17,3.49,Ya
692,3.25,3.24,3.21,3.37,Ya
693,3.38,3.06,2.96,3.28,Ya
694,3.39,3.2,3.26,3.55,Ya
695,3.55,3.53,3.6,3.64,Ya
696,3.22,3.0,2.96,3.25,Ya
697,3.19,3.03,3.24,3.28,Ya
698,3.19,3.33,3.37,3.69,Ya
699,3.03,3.25,3.25,3.53,Ya
700,3.15,3.52,3.55,3.76,Ya
701,3.2,3.57,3.49,3.68,Ya
702,3.17,3.36,3.8,3.74,Ya
703,3.16,3.51,3.67,3.55,Ya
704,3.11,3.04,3.16,3.27,Ya
705,2.99,3.06,3.32,3.36,Ya
706,3.15,3.43,3.41,3.73,Ya
707,3.14,3.32,3.37,3.56,Ya
708,3.12,3.49,3.53,3.75,Ya
709,3.06,3.05,3.18,3.36,Ya
710,3.01,3.1,3.11,3.4,Ya
711,3.02,3.05,3.26,3.38,Ya
712,3.02,2.99,3.21,3.47,Ya
713,3.08,3.05,3.22,3.49,Ya
714,3.09,3.14,3.32,3.39,Ya
715,3.0,3.05,3.09,3.44,Ya
716,3.17,3.26,3.62,3.66,Ya
717,3.02,3.11,3.11,3.26,Ya
718,2.73,3.23,3.29,2.94,Ya
719,3.04,3.15,3.56,2.92,Ya
720,3.22,3.38,3.61,3.81,Ya
721,2.94,2.8,3.63,2.85,Ya
722,2.38,2.98,3.35,2.73,Ya
723,3.04,2.96,3.15,3.54,Ya
724,3.57,3.25,3.35,3.2,Ya
725,3.4,3.29,3.52,3.05,Ya
726,3.52,3.29,3.58,3.18,Ya
727,3.57,3.35,3.58,3.45,Ya
728,3.43,3.38,3.54,3.11,Ya
729,3.59,3.5,3.58,3.3,Ya
730,3.36,3.35,3.35,3.02,Ya
731,3.68,3.65,3.71,3.52,Ya
732,3.36,3.42,3.29,3.1,Ya
733,3.34,3.27,3.52,3.07,Ya
734,3.3,3.23,3.55,3.07,Tidak
735,3.18,3.33,3.43,3.0,Ya
736,3.05,3.21,3.43,3.05,Tidak
737,3.32,3.35,3.52,3.28,Ya
738,3.57,3.27,3.23,3.09,Ya
739,3.45,3.29,3.64,3.39,Ya
740,3.09,3.25,3.42,3.14,Ya
741,3.11,3.19,3.06,3.12,Tidak
742,3.59,3.46,3.62,3.45,Ya
743,3.3,3.46,3.55,3.25,Ya
744,3.3,3.27,3.56,3.28,Ya
745,3.22,3.06,3.42,3.05,Ya
746,3.27,3.34,3.59,3.11,Ya
747,3.52,3.23,3.48,3.28,Ya
748,3.77,3.52,3.57,3.41,Ya
749,3.68,3.58,3.72,3.45,Ya
750,3.18,3.04,3.38,3.14,Ya
751,3.25,3.21,3.23,3.22,Ya
752,3.25,3.08,3.31,2.91,Tidak
753,3.32,3.59,3.45,3.3,Ya
754,3.36,3.35,3.33,3.34,Ya
755,3.14,3.27,3.52,3.08,Ya
756,3.19,3.25,3.58,3.5,Ya
757,2.91,3.06,3.32,3.38,Tidak
758,3.23,3.3,3.15,3.39,Ya
759,3.43,3.6,3.38,3.59,Ya
760,3.57,3.67,3.48,3.57,Ya
761,3.16,3.31,3.05,3.61,Ya
762,3.59,3.67,3.52,3.64,Ya
763,3.34,3.19,2.98,3.39,Ya
764,3.5,3.55,3.65,3.66,Ya
765,3.5,3.58,3.48,3.61,Ya
766,3.36,3.34,3.44,3.59,Ya
767,3.5,3.66,3.41,3.57,Ya
768,3.57,3.59,3.33,3.52,Ya
769,3.58,3.52,3.38,3.59,Ya
770,3.64,3.54,3.43,3.66,Ya
771,3.5,3.48,3.31,3.5,Ya
772,3.45,3.5,3.67,3.7,Ya
773,3.5,3.58,3.48,3.68,Ya
774,3.09,3.52,3.48,3.66,Ya
775,3.55,3.52,3.52,3.61,Ya
776,3.62,3.62,3.54,3.68,Ya
777,3.27,3.45,3.62,3.75,Ya
778,3.6,3.73,3.54,3.61,Ya
779,3.3,3.5,3.2,3.41,Ya
780,3.61,3.59,3.36,3.66,Ya
781,3.61,3.54,3.35,3.73,Ya
782,3.43,3.38,3.46,3.66,Ya
783,3.66,3.62,3.71,3.68,Ya
784,3.36,3.42,3.25,3.34,Ya
785,3.35,3.27,3.27,3.43,Ya
786,3.15,2.86,3.52,3.08,Tidak
787,3.57,3.65,3.6,3.8,Ya
788,3.43,3.47,3.43,3.59,Ya
789,3.38,3.47,3.27,3.55,Ya
790,3.65,3.31,3.64,3.14,Ya
791,3.38,3.33,3.23,3.59,Ya
792,3.48,3.42,3.33,3.3,Ya
793,3.12,3.4,3.27,3.3,Ya
794,3.09,3.4,3.38,3.2,Ya
795,3.64,3.69,3.64,3.59,Ya
796,3.05,3.08,3.15,3.2,Ya
797,3.26,3.4,3.38,3.43,Ya
798,3.58,3.55,3.46,3.36,Ya
799,3.08,3.38,3.0,3.14,Ya
800,3.06,3.3,3.33,3.34,Ya
801,2.98,2.68,3.16,3.15,Ya
802,3.35,3.25,3.27,3.25,Ya
803,3.05,3.06,3.17,2.91,Ya
804,3.2,3.23,3.29,3.27,Ya
805,3.69,3.71,3.67,3.57,Ya
806,3.4,2.98,3.25,3.23,Ya
807,3.52,3.5,3.59,3.64,Ya
808,3.52,3.38,3.52,3.64,Ya
809,3.65,3.47,3.46,3.66,Ya
810,3.71,3.6,3.71,3.55,Ya
811,3.52,3.31,3.52,3.48,Ya
812,3.65,3.4,3.65,3.58,Ya
813,3.6,3.4,3.54,3.66,Ya
814,3.62,3.6,3.52,3.68,Ya
815,3.73,3.62,3.67,3.75,Ya
816,3.42,2.97,3.29,3.24,Ya
817,3.6,3.31,3.44,3.73,Ya
818,3.54,3.4,3.48,3.68,Ya
819,3.54,3.58,3.56,3.89,Ya
820,3.73,3.54,3.64,3.7,Ya
821,3.52,3.46,3.45,3.73,Ya
822,3.67,3.56,3.5,3.57,Ya
823,2.71,3.39,3.39,3.43,Ya
824,3.58,3.42,3.27,3.67,Ya
825,3.48,3.08,3.4,3.5,Ya
826,3.17,3.35,3.33,3.34,Tidak
827,3.32,3.21,3.44,3.39,Ya
828,3.53,3.62,3.65,3.5,Ya
829,3.45,3.48,3.58,3.8,Ya
830,3.35,3.48,3.66,3.32,Tidak
831,3.4,3.44,3.33,3.48,Ya
832,3.31,3.32,3.3,3.47,Ya
833,3.44,3.45,3.38,3.46,Ya
834,3.27,3.18,3.27,3.45,Ya
835,3.19,3.27,3.4,3.52,Ya
836,3.38,3.43,3.27,3.42,Ya
837,3.29,3.27,3.2,3.42,Ya
838,3.45,3.2,3.34,3.4,Ya
839,3.52,3.43,3.3,3.47,Ya
840,3.44,3.39,3.32,3.38,Ya
841,3.54,3.52,3.46,3.56,Ya
842,3.19,3.43,2.0,3.33,Ya
843,3.48,2.96,3.29,3.36,Ya
844,3.6,3.27,3.5,3.47,Ya
845,3.46,3.3,3.38,3.43,Ya
846,3.52,3.57,3.46,3.54,Ya
847,3.31,3.14,3.27,3.38,Ya
848,3.19,3.16,3.38,3.45,Ya
849,3.06,3.14,3.44,3.48,Ya
850,3.17,3.05,3.38,3.5,Ya
851,2.88,2.98,3.35,3.54,Tidak
852,2.98,3.25,3.31,3.46,Ya
853,3.27,3.11,3.33,3.52,Ya
854,3.06,3.16,3.48,3.52,Tidak
855,3.12,3.14,3.27,3.47,Tidak
856,3.15,3.05,3.48,3.58,Ya
857,3.03,3.11,3.29,3.43,Tidak
858,3.1,3.11,3.33,3.48,Ya
859,3.0,3.09,3.17,3.46,Ya
860,3.0,3.2,3.27,3.52,Ya
861,3.12,3.11,3.23,3.48,Ya
862,3.25,3.41,3.4,3.48,Ya
863,3.08,3.52,3.4,3.45,Ya
864,3.38,3.34,3.5,3.44,Ya
865,3.21,3.25,3.44,3.46,Ya
866,3.15,3.41,3.25,3.55,Ya
867,3.23,3.43,3.35,3.54,Ya
868,3.1,3.2,3.42,3.46,Ya
869,3.1,3.18,3.33,3.53,Ya
870,3.06,3.27,3.35,3.48,Ya
871,3.29,3.5,3.5,3.48,Ya
872,3.19,3.27,3.25,3.46,Ya
873,3.06,3.3,3.35,3.47,Ya
874,3.48,3.64,3.56,3.54,Ya
875,3.14,3.43,3.31,3.46,Ya
876,3.15,3.33,3.46,3.46,Ya
877,3.18,3.11,3.34,3.47,Ya
878,2.99,3.28,3.09,3.45,Tidak
879,3.31,3.47,3.34,3.36,Ya
880,3.48,3.7,3.5,3.38,Ya
881,3.43,3.25,3.07,3.08,Ya
882,3.27,3.75,3.58,3.46,Ya
883,3.48,3.5,3.55,3.35,Ya
884,3.39,3.47,3.42,3.33,Ya
885,3.62,3.67,3.63,3.67,Ya
886,3.58,3.31,3.53,3.5,Ya
887,3.23,3.47,3.48,3.38,Ya
888,3.7,3.53,3.66,3.65,Ya
889,3.64,3.54,3.55,3.54,Ya
890,3.46,3.55,3.55,3.3,Ya
891,3.08,3.18,2.5,3.3,Ya
892,3.46,3.23,3.54,3.39,Ya
893,3.52,3.41,3.45,3.27,Ya
894,3.0,2.95,3.31,3.2,Ya
895,3.26,3.25,3.54,3.4,Ya
896,2.96,2.98,3.33,3.43,Ya
897,3.22,3.15,3.12,3.16,Ya
898,3.3,3.23,3.27,3.48,Ya
899,3.07,3.41,3.42,3.34,Ya
900,3.56,3.45,3.38,3.35,Ya
901,3.4,3.16,3.29,3.28,Ya
902,3.45,3.36,2.48,3.08,Ya
903,3.65,3.34,3.54,3.45,Ya
904,3.59,3.18,3.38,3.56,Ya
905,3.46,3.25,3.31,3.2,Ya
906,3.53,3.34,3.33,3.45,Ya
907,3.67,3.3,3.44,3.41,Ya
908,3.71,3.45,3.54,3.43,Ya
909,3.72,3.39,3.58,3.64,Ya
910,3.46,3.25,3.44,3.5,Ya
911,3.71,3.3,3.42,3.48,Ya
912,3.7,3.3,3.38,3.59,Ya
913,3.58,3.37,3.5,3.42,Ya
914,3.47,3.36,3.55,3.55,Ya
915,3.47,3.42,3.53,3.65,Ya
916,3.52,3.61,3.37,3.35,Ya
917,3.42,3.59,3.06,3.42,Ya
918,3.22,3.45,3.36,3.32,Ya
919,3.56,3.66,3.49,3.52,Ya
920,3.58,3.77,3.51,3.52,Ya
921,3.22,3.33,3.07,3.1,Ya
922,3.16,3.4,3.05,3.2,Ya
923,3.12,3.5,3.48,3.35,Tidak
924,3.09,3.34,3.32,3.05,Ya
925,3.17,3.25,3.51,3.58,Ya
926,3.25,3.33,3.42,3.52,Ya
927,3.55,3.58,3.61,3.55,Ya
928,3.41,3.33,3.5,3.45,Ya
929,3.56,3.53,3.57,3.6,Ya
930,3.28,3.28,3.32,3.45,Ya
931,3.3,3.25,3.44,3.62,Ya
932,3.34,3.45,3.45,3.62,Ya
933,3.06,3.32,3.21,3.02,Ya
934,3.42,3.45,3.29,3.18,Tidak
935,3.57,3.45,3.65,3.62,Ya
936,3.39,3.3,3.56,3.55,Ya
937,3.31,3.5,3.58,3.66,Ya
938,2.93,3.22,3.47,3.0,Ya
939,2.72,3.22,3.22,2.86,Ya
940,3.52,3.18,3.4,3.18,Ya
941,3.35,3.19,3.42,3.4,Ya
942,3.11,3.31,3.22,3.19,Ya
943,3.01,3.14,2.48,2.9,Ya
944,3.44,3.36,3.25,3.28,Ya
945,3.28,3.56,2.82,3.44,Ya
946,3.03,3.28,3.31,3.17,Ya
947,3.21,3.28,3.38,3.3,Ya
948,2.95,3.16,3.01,2.82,Ya
949,3.31,3.4,3.16,3.2,Ya
950,3.1,2.81,3.28,3.3,Ya
951,3.31,3.47,2.83,2.93,Ya
952,3.05,3.03,3.03,2.93,Tidak
953,3.31,3.44,3.24,3.5,Ya
954,3.44,3.62,3.67,3.6,Ya
955,3.22,3.45,3.38,3.62,Ya
956,3.15,3.53,3.62,3.62,Ya
957,3.24,3.39,3.51,3.42,Ya
958,3.25,3.48,3.35,3.38,Ya
959,3.47,3.58,3.73,3.7,Ya
960,3.38,3.47,3.52,3.52,Ya
961,3.33,3.48,3.48,3.78,Ya
962,3.11,3.25,3.49,3.5,Ya
963,3.46,3.58,3.67,3.6,Ya
964,3.12,3.42,3.55,3.5,Ya
965,3.28,3.5,3.44,3.6,Ya
966,3.31,3.2,3.36,3.4,Ya
967,3.39,3.62,3.62,3.52,Ya
968,3.19,3.4,3.48,3.39,Ya
969,3.47,3.62,3.58,3.7,Ya
970,3.32,3.58,3.49,3.55,Ya
971,3.4,3.5,3.58,3.58,Ya
972,3.12,3.25,3.26,3.07,Ya
973,3.7,3.78,3.71,3.55,Ya
974,2.83,3.61,3.25,3.24,Tidak
975,3.61,3.68,3.39,3.32,Ya
976,3.26,3.54,2.99,3.16,Ya
977,3.54,3.69,3.28,3.51,Ya
978,3.28,3.51,3.72,3.31,Ya
979,3.0,3.14,3.3,3.02,Ya
980,3.1,3.08,3.53,3.22,Ya
981,3.07,3.2,3.63,3.48,Ya
982,3.17,3.17,3.47,3.34,Ya
983,3.52,3.1,3.37,3.32,Ya
984,3.4,3.1,3.21,3.2,Ya
985,3.2,3.2,3.32,3.04,Ya
986,2.78,3.18,3.38,3.25,Tidak
987,3.41,3.46,3.53,3.63,Ya
988,3.28,3.35,3.54,3.39,Ya
989,3.52,3.41,3.49,3.14,Ya
990,3.43,3.49,3.75,3.65,Ya
991,3.1,3.28,3.11,3.12,Ya
992,3.45,3.11,3.73,3.52,Ya
993,3.0,3.17,3.68,3.01,Ya
994,3.32,3.21,2.99,2.93,Ya
995,3.33,3.61,3.58,3.34,Ya
996,3.28,3.28,3.54,3.33,Ya
997,3.44,3.41,3.67,3.39,Ya
998,3.45,3.58,3.67,3.44,Ya
999,3.38,3.3,3.66,3.46,Ya
1000,3.38,3.48,3.64,3.49,Ya
1001,3.5,3.62,3.54,3.62,Ya
1002,3.45,3.4,3.41,3.55,Ya
1003,3.52,3.3,3.51,3.38,Ya
1004,3.32,3.27,3.45,3.32,Ya
1005,3.45,3.16,3.38,3.35,Ya
1006,3.45,3.35,3.51,3.51,Ya
1007,3.48,3.74,3.74,3.51,Ya
1008,3.38,3.61,3.45,3.49,Ya
1009,3.48,3.57,3.64,3.59,Ya
1010,3.45,3.6,3.54,3.65,Ya
1011,3.45,3.46,3.51,3.67,Ya
1012,3.52,3.35,3.54,3.49,Ya
1013,3.08,3.21,3.18,3.12,Ya
1014,3.35,3.23,3.38,3.38,Ya
1015,3.25,3.28,3.38,3.61,Ya
1016,3.5,3.5,3.25,3.64,Ya
1017,3.31,3.2,2.79,2.94,Ya
1018,2.98,3.06,3.38,3.3,Ya
1019,3.42,3.28,3.48,3.41,Ya
1020,3.28,3.1,3.28,3.31,Ya
1021,3.52,3.64,3.58,3.2,Ya
1022,3.48,3.6,3.45,3.66,Ya
1023,3.03,3.51,3.29,3.53,Ya
1024,3.15,3.3,3.45,3.71,Ya
1025,3.02,3.08,2.97,3.09,Ya
1026,3.02,3.28,3.35,3.55,Ya
1027,3.0,3.11,3.36,3.63,Ya
1028,3.2,3.09,3.37,3.53,Ya
1029,3.11,3.07,3.12,3.29,Ya
1030,2.98,3.14,3.32,3.53,Ya
1031,2.95,3.19,3.15,3.03,Ya
1032,2.9,3.12,2.97,3.19,Ya
1033,3.11,3.21,3.18,3.53,Ya
1034,2.98,3.19,3.61,3.35,Ya
1035,3.3,3.33,3.41,3.16,Ya
1036,3.55,3.45,2.92,3.23,Tidak
1037,3.23,3.15,3.07,3.3,Ya
1038,3.21,3.33,3.24,3.32,Ya
1039,3.39,3.13,3.21,3.36,Ya
1040,3.6,3.65,3.49,3.36,Ya
1041,3.19,3.31,3.13,3.23,Ya
1042,3.76,3.8,3.79,3.51,Ya
1043,3.36,3.42,3.36,3.18,Ya
1044,3.05,3.43,3.38,3.33,Ya
1045,3.26,3.37,3.33,3.26,Ya
1046,3.43,3.27,3.32,3.32,Ya
1047,3.38,3.38,3.48,3.26,Ya
1048,3.28,3.38,3.51,3.54,Ya
1049,3.25,3.19,3.35,3.33,Ya
1050,3.19,3.32,3.38,3.22,Ya
1051,3.24,3.39,3.45,3.22,Ya
1052,3.57,3.5,3.57,3.32,Ya
1053,3.31,3.45,3.58,3.35,Ya
1054,3.4,3.68,3.4,3.36,Ya
1055,3.61,3.65,3.54,3.29,Tidak
1056,3.73,3.74,3.57,3.39,Ya
1057,3.33,3.4,3.44,3.26,Ya
1058,3.36,3.32,3.36,3.28,Tidak
1059,2.86,2.26,2.84,3.2,Tidak
1060,2.78,3.09,3.45,3.3,Ya
1061,3.07,3.27,3.38,3.26,Ya
1062,2.77,3.04,3.36,3.07,Ya
1063,2.45,2.28,2.17,3.36,Ya
1064,1.45,1.09,2.59,2.66,Tidak
1065,2.95,2.95,3.24,3.19,Ya
1066,2.19,2.43,2.43,3.17,Tidak
1067,3.17,3.54,3.42,3.49,Ya
1068,2.75,3.17,2.93,3.33,Ya
1069,2.59,3.28,3.36,3.58,Tidak
1070,3.08,3.11,3.18,3.42,Ya
1071,3.12,3.58,3.45,3.66,Ya
1072,3.32,3.6,3.7,3.65,Ya
1073,2.89,3.34,3.27,3.72,Tidak
1074,2.58,2.75,2.61,3.65,Tidak
1075,2.57,1.64,3.21,1.75,Tidak
1076,3.06,2.39,3.53,1.75,Ya
1077,2.8,2.39,2.24,1.75,Ya
1078,3.02,2.77,2.6,3.5,Ya
1079,2.98,2.8,3.49,3.25,Ya
1080,2.86,2.78,3.03,3.5,Ya
1081,3.11,2.88,2.34,3.5,Ya
1082,3.32,2.95,3.47,3.5,Ya
1083,3.14,2.93,3.6,3.5,Ya
1084,3.25,3.16,3.66,3.5,Ya
1085,3.39,2.85,3.16,3.5,Tidak
1086,2.89,3.32,3.45,3.25,Ya
1087,3.05,2.92,3.17,3.2,Ya
1088,3.13,3.32,3.29,3.06,Tidak
1089,3.16,3.12,3.19,3.35,Ya
1090,3.31,3.04,3.25,3.38,Ya
1091,2.4,2.41,2.87,3.17,Tidak
1092,3.28,3.31,3.33,3.04,Ya
1093,3.36,3.44,3.35,3.26,Ya
1094,3.63,3.45,3.48,3.44,Ya
1095,3.18,3.38,3.25,3.09,Tidak
1096,3.65,3.76,3.2,3.37,Ya
1097,2.89,3.27,2.68,2.12,Tidak
1098,3.12,3.0,3.12,3.11,Tidak
1099,3.29,3.41,3.26,2.99,Tidak
1100,3.59,3.62,3.34,3.38,Tidak
1101,2.94,3.26,3.32,1.68,Tidak
1102,3.29,3.3,3.24,3.08,Ya
1103,3.15,3.26,3.05,2.79,Ya
1104,3.5,3.44,3.56,3.38,Ya
1105,3.17,3.19,3.23,3.12,Ya
1106,3.5,3.53,3.37,3.04,Ya
1107,3.34,3.38,3.39,3.27,Ya
1108,3.41,3.47,3.6,3.18,Ya
1109,3.25,3.38,3.44,3.2,Ya
1110,3.39,3.59,3.55,3.29,Ya
1111,3.34,3.26,3.32,3.02,Ya
1112,3.48,3.41,3.61,3.36,Ya
1113,3.58,3.51,3.3,3.04,Ya
1114,3.49,3.49,3.63,3.51,Ya
1115,2.89,2.77,2.71,2.65,Ya
1116,3.2,3.24,3.2,3.08,Ya
1117,3.3,3.49,3.49,3.47,Ya
1118,3.43,3.5,3.23,3.18,Ya
1119,3.08,2.92,2.75,2.89,Ya
1120,3.14,3.05,2.83,2.98,Ya
1121,3.28,3.48,3.42,3.09,Ya
1122,3.01,2.9,2.71,2.76,Ya
1123,3.2,3.15,3.15,2.92,Ya
1124,3.47,3.41,3.42,3.17,Ya
1125,3.38,3.41,3.14,2.97,Ya
1126,3.53,3.39,3.56,3.2,Ya
1127,3.53,3.69,3.73,3.78,Ya
1128,3.12,3.12,3.18,3.18,Ya
1129,3.32,3.4,3.3,3.22,Ya
1130,3.34,3.49,3.52,3.38,Ya
1131,3.38,3.45,3.55,3.12,Ya
1132,3.19,3.15,3.06,2.99,Ya
1133,3.6,3.48,3.6,3.27,Ya
1134,3.07,3.17,3.01,3.26,Ya
1135,3.25,3.24,3.29,3.53,Ya
1136,3.08,3.19,3.0,3.4,Ya
1137,3.4,3.32,3.42,3.66,Ya
1138,3.5,3.6,3.76,3.75,Ya
1139,3.2,3.14,3.29,3.4,Ya
1140,3.3,3.35,3.39,3.6,Ya
1141,3.52,3.76,3.78,3.91,Ya
1142,3.09,3.12,3.03,3.18,Ya
1143,3.11,3.15,3.11,3.33,Ya
1144,3.22,3.3,3.51,3.59,Ya
1145,3.07,3.21,3.11,3.41,Ya
1146,3.17,3.23,3.18,3.45,Ya
1147,3.22,3.19,3.09,3.39,Ya
1148,3.19,3.37,3.58,3.6,Ya
1149,3.07,3.2,3.16,3.32,Ya
1150,3.32,3.39,3.5,3.66,Ya
1151,3.24,3.54,3.67,3.6,Ya
1152,3.17,3.29,3.3,3.49,Ya
1153,3.16,3.14,3.12,3.35,Ya
1154,3.11,3.11,3.05,3.2,Ya
1155,3.22,3.17,3.13,3.36,Ya
1156,3.3,3.26,3.39,3.5,Ya
1157,3.31,3.51,3.45,3.62,Ya
1158,2.86,2.73,3.36,3.15,Tidak
1159,3.3,3.55,3.44,3.65,Ya
1160,2.97,2.75,3.36,3.01,Ya
1161,3.08,2.91,3.43,3.37,Tidak
1162,3.14,3.11,3.21,3.2,Ya
1163,3.15,3.05,3.43,3.09,Ya
1164,2.9,2.75,3.09,3.11,Ya
1165,3.61,3.62,3.68,3.25,Ya
1166,3.6,3.5,3.35,3.18,Ya
1167,3.6,3.75,3.61,3.45,Ya
1168,3.25,3.5,3.54,3.39,Ya
1169,3.75,3.5,3.68,3.66,Ya
1170,3.4,3.42,3.64,3.32,Ya
1171,3.52,3.84,3.67,3.5,Ya
1172,3.18,3.21,3.36,3.48,Ya
1173,3.12,3.0,3.23,3.34,Ya
1174,3.12,3.0,3.4,3.35,Ya
1175,3.23,2.96,3.19,3.32,Ya
1176,3.31,3.15,3.27,3.34,Ya
1177,3.05,2.92,3.0,3.38,Ya
1178,3.14,3.23,3.25,3.45,Ya
1179,3.06,3.12,3.0,3.31,Ya
1180,3.25,3.02,3.32,3.43,Ya
1181,3.18,3.12,3.41,3.52,Ya
1182,3.0,2.85,2.81,3.35,Ya
1183,3.23,3.28,3.54,3.57,Ya
1184,3.15,3.05,3.27,3.52,Ya
1185,3.18,2.93,3.16,3.08,Ya
1186,3.0,3.23,3.39,3.43,Ya
1187,3.03,3.02,3.23,3.43,Ya
1188,3.25,2.96,3.36,3.45,Ya
1189,3.12,3.1,3.32,3.48,Ya
1190,3.28,3.23,3.18,3.36,Ya
1191,3.09,3.09,3.48,3.5,Ya
1192,3.07,2.89,3.25,3.35,Ya
1193,3.11,2.9,3.23,3.45,Ya
1194,3.12,3.2,3.06,3.32,Ya
1195,3.02,3.15,3.23,3.29,Ya
1196,3.02,3.19,3.34,3.41,Ya
1197,3.14,3.45,3.42,3.43,Ya
1198,3.3,3.58,3.48,3.52,Ya
1199,2.86,3.21,3.08,3.19,Ya
1200,3.07,3.23,3.38,3.43,Ya
1201,3.22,3.4,3.3,3.45,Ya
1202,3.3,3.42,3.29,3.43,Ya
1203,3.1,3.17,3.32,3.23,Ya
1204,3.25,3.4,3.36,3.43,Ya
1205,3.1,3.1,3.25,3.35,Ya
1206,3.33,3.5,3.31,3.52,Ya
1207,3.09,3.37,3.23,3.34,Ya
1208,3.22,3.31,3.3,3.45,Ya
1209,3.02,3.48,3.15,3.33,Ya
1210,3.2,3.15,3.35,3.4,Ya
1211,3.11,3.19,3.32,3.48,Ya
1212,3.48,3.35,3.48,3.34,Ya
1213,3.38,3.27,3.48,3.58,Ya
1214,3.55,3.5,3.42,3.55,Ya
1215,3.4,3.62,3.55,3.55,Ya
1216,3.45,3.38,3.45,3.55,Ya
1217,3.55,3.65,3.59,3.61,Ya
1218,3.52,3.44,3.36,3.43,Ya
1219,3.68,3.67,3.41,3.61,Ya
1220,3.65,3.48,3.39,3.64,Ya
1221,3.42,3.48,3.33,3.5,Ya
1222,3.42,3.62,3.42,3.59,Ya
1223,3.48,3.44,3.41,3.48,Ya
1224,3.52,3.5,3.41,3.48,Ya
1225,3.48,3.5,3.41,3.57,Ya
1226,3.52,3.52,3.48,3.66,Ya
1227,3.6,3.42,3.39,3.59,Ya
1228,3.55,3.6,3.34,3.41,Ya
1229,3.5,3.46,3.32,3.39,Ya
1230,3.34,3.61,3.2,3.45,Ya
1231,3.52,3.4,3.36,3.52,Ya
1232,3.45,3.44,3.23,3.32,Ya
1233,3.48,3.5,3.36,3.34,Ya
1234,3.65,3.56,3.25,3.55,Ya
1235,3.55,3.39,3.45,3.5,Ya
1236,3.62,3.62,3.43,3.52,Ya
1237,3.28,3.27,3.27,3.48,Ya
1238,3.5,3.65,3.23,3.52,Ya
1239,3.48,3.6,3.34,3.43,Ya
1240,3.75,3.81,3.64,3.73,Ya
1241,3.45,3.4,3.36,3.48,Ya
1242,3.48,3.5,3.27,3.57,Ya
1243,3.58,3.58,3.48,3.48,Ya
1244,3.61,3.42,3.25,3.5,Ya
1245,3.42,3.6,3.45,3.55,Ya
1246,3.1,3.14,3.39,3.39,Ya
1247,3.55,3.46,3.39,3.64,Ya
1248,3.58,3.62,3.45,3.57,Ya
1249,3.62,3.75,3.52,3.59,Ya
1250,3.0,2.94,3.07,3.5,Ya
1251,3.44,3.35,3.16,3.5,Ya
1252,3.46,3.06,3.39,3.45,Ya
1253,3.34,3.32,3.27,3.25,Ya
1254,3.11,3.38,2.94,3.2,Ya
1255,3.3,3.35,3.38,3.18,Ya
1256,3.48,3.64,3.42,3.28,Ya
1257,3.25,3.34,3.32,3.38,Ya
1258,3.2,3.48,3.15,3.22,Ya
1259,3.5,3.5,3.47,3.25,Ya
1260,3.32,3.55,3.25,3.2,Ya
1261,3.23,3.32,3.23,3.25,Ya
1262,3.18,3.23,3.05,3.15,Ya
1263,3.2,3.43,3.48,3.62,Ya
1264,3.45,3.45,3.15,3.06,Ya
1265,3.64,3.52,3.57,3.55,Ya
1266,3.32,3.55,3.25,3.18,Ya
1267,3.39,3.0,2.98,2.67,Ya
1268,3.09,3.28,3.18,3.3,Ya
1269,3.36,3.36,3.23,3.2,Ya
1270,3.14,3.32,3.16,2.71,Ya
1271,3.34,2.91,3.3,3.28,Ya
1272,3.45,3.39,3.35,3.39,Ya
1273,3.36,3.5,3.32,3.2,Ya
1274,3.32,3.4,3.25,3.28,Ya
1275,3.43,3.41,3.32,3.5,Ya
1276,3.17,3.43,3.45,3.1,Ya
1277,3.48,3.41,3.18,3.35,Ya
1278,3.55,3.45,3.19,3.38,Ya
1279,3.41,3.62,3.48,3.38,Ya
1280,3.05,3.46,3.23,3.41,Ya
1281,3.2,3.25,2.91,3.16,Ya
1282,3.16,3.43,3.35,3.48,Ya
1283,2.94,3.22,2.9,3.27,Ya
1284,3.3,3.45,3.3,3.4,Ya
1285,3.6,3.5,3.57,3.7,Ya
1286,3.55,3.42,3.4,3.59,Ya
1287,3.55,3.57,3.59,3.62,Ya
1288,3.68,3.75,3.73,3.62,Ya
1289,3.2,3.35,3.52,3.62,Ya
1290,3.5,3.4,3.52,3.55,Ya
1291,3.5,3.45,3.27,3.38,Ya
1292,3.32,3.45,3.27,3.23,Ya
1293,3.42,3.42,3.41,3.75,Ya
1294,3.64,3.55,3.57,3.68,Ya
1295,3.36,3.35,3.43,3.52,Ya
1296,3.52,3.65,3.57,3.52,Ya
1297,3.45,3.22,3.39,3.4,Ya
1298,3.27,3.45,3.45,3.55,Ya
1299,3.73,3.48,3.55,3.68,Ya
1300,3.55,3.58,3.3,3.45,Ya
1301,3.48,3.48,3.5,3.42,Ya
1302,3.39,3.44,3.25,3.35,Ya
1303,3.34,3.22,3.5,3.15,Ya
1304,3.5,3.25,3.25,3.38,Ya
1305,3.39,3.3,3.56,3.45,Ya
1306,3.52,3.58,3.2,3.6,Ya
1307,3.45,3.45,3.61,3.4,Ya
1308,3.64,3.55,3.61,3.72,Ya
1309,3.5,3.6,3.45,3.55,Ya
1310,3.62,3.43,3.34,3.43,Ya
1311,3.08,3.43,3.29,3.13,Ya
1312,3.21,3.43,2.88,3.21,Ya
1313,3.23,3.36,3.04,3.44,Ya
1314,3.25,3.23,3.15,3.16,Ya
1315,2.98,3.25,3.23,3.41,Ya
1316,3.19,3.27,3.06,3.39,Tidak
1317,3.29,3.25,3.12,3.46,Ya
1318,3.33,3.25,3.27,3.25,Ya
1319,3.02,3.27,3.11,3.46,Ya
1320,3.25,3.23,3.1,3.44,Ya
1321,3.61,3.55,3.43,3.7,Ya
1322,3.5,3.32,3.08,3.38,Ya
1323,3.56,3.41,3.48,3.46,Ya
1324,3.48,3.41,3.35,3.52,Ya
1325,2.98,3.16,3.33,3.35,Ya
1326,3.5,3.27,3.15,3.34,Ya
1327,3.31,3.2,3.12,3.46,Ya
1328,3.46,3.27,3.12,3.46,Ya
1329,3.27,3.41,3.23,3.69,Ya
1330,3.48,3.48,3.58,3.65,Ya
1331,3.52,3.09,3.31,3.62,Ya
1332,3.5,3.02,2.96,3.32,Ya
1333,3.5,3.39,3.29,3.5,Ya
1334,3.42,3.5,3.35,3.5,Ya
1335,3.08,3.47,3.12,3.46,Ya
1336,3.44,3.36,3.23,3.48,Ya
1337,3.29,3.11,3.1,3.27,Ya
1338,3.34,3.32,3.38,3.33,Ya
1339,3.33,3.23,3.42,3.48,Ya
1340,3.34,3.0,3.52,3.4,Ya
1341,3.48,3.18,3.44,3.58,Ya
1342,3.44,3.27,3.31,3.44,Ya
1343,3.33,3.25,3.42,3.31,Ya
1344,3.4,3.34,3.44,3.6,Ya
1345,3.25,3.25,3.35,3.5,Ya
1346,3.29,2.95,3.4,3.42,Ya
1347,3.46,3.2,3.5,3.54,Ya
1348,3.4,3.39,3.48,3.62,Ya
1349,3.31,3.27,3.52,3.56,Ya
1350,3.35,3.34,3.48,3.62,Ya
1351,3.48,3.27,3.5,3.6,Ya
1352,3.4,3.25,3.5,3.58,Ya
1353,3.35,3.34,3.48,3.58,Ya
1354,3.38,3.27,3.52,3.56,Ya
1355,3.42,3.27,3.38,3.62,Ya
1356,3.33,3.23,3.46,3.6,Ya
1357,3.38,3.39,3.56,3.67,Ya
1358,3.42,3.36,3.5,3.58,Ya
1359,3.25,3.34,3.44,3.6,Ya
1360,3.38,3.41,3.4,3.56,Ya
1361,3.38,3.16,3.5,3.56,Ya
1362,3.29,3.41,3.38,3.48,Ya
1363,3.35,3.39,3.48,3.58,Ya
1364,3.46,3.59,3.25,3.12,Ya
1365,3.52,3.31,3.14,3.32,Tidak
1366,3.39,3.33,3.27,3.35,Ya
1367,3.5,3.52,3.23,3.48,Ya
1368,3.61,3.44,3.14,3.65,Ya
1369,3.57,3.33,3.18,3.52,Ya
1370,3.52,3.44,3.23,3.43,Ya
1371,3.59,3.4,3.11,3.45,Ya
1372,3.39,3.16,3.07,3.14,Ya
1373,3.43,3.04,3.34,3.45,Ya
1374,3.48,3.52,3.42,3.48,Ya
1375,3.66,3.6,3.23,3.45,Ya
1376,3.43,3.48,3.02,2.92,Ya
1377,3.55,3.44,3.11,3.38,Ya
1378,3.59,3.75,3.43,3.5,Ya
1379,3.59,3.56,3.41,3.48,Ya
1380,3.75,3.9,3.55,3.72,Ya
1381,3.33,3.56,3.2,3.45,Ya
1382,3.64,3.62,3.43,3.42,Ya
1383,3.45,3.46,3.27,3.48,Ya
1384,3.64,3.6,3.41,3.5,Ya
1385,3.4,3.25,3.19,3.15,Ya
1386,3.35,3.42,3.5,3.39,Ya
1387,3.22,3.33,3.46,3.25,Ya
1388,3.0,3.32,3.4,3.31,Ya
1389,3.17,3.3,3.27,3.5,Ya
1390,3.33,3.25,3.2,3.36,Ya
1391,3.32,3.44,3.44,3.45,Ya
1392,3.28,3.35,3.42,3.48,Ya
1393,3.31,3.2,3.31,3.34,Ya
1394,3.28,3.2,3.06,3.14,Ya
1395,3.22,3.22,3.27,3.23,Ya
1396,3.32,3.32,3.33,3.47,Ya
1397,2.92,3.2,3.12,3.16,Ya
1398,3.02,3.05,3.1,3.34,Ya
1399,3.22,3.45,3.54,3.2,Ya
1400,3.3,3.38,3.45,3.36,Ya
1401,3.2,3.32,3.23,3.35,Ya
1402,3.25,3.38,3.48,3.43,Ya
1403,3.53,3.39,3.19,3.42,Ya
1404,3.05,3.2,3.33,3.41,Ya
1405,3.3,3.48,2.96,3.09,Ya
1406,3.27,3.18,3.27,3.31,Ya
1407,3.05,3.28,3.21,3.4,Ya
1408,3.15,3.38,3.5,3.43,Ya
1409,3.6,3.6,3.56,3.55,Ya
1410,3.55,3.25,3.12,3.08,Ya
1411,3.36,3.62,3.52,3.55,Ya
1412,3.19,3.45,3.17,3.11,Ya
1413,3.18,3.42,3.19,3.23,Ya
1414,3.39,3.3,3.19,3.2,Ya
1415,3.56,3.5,3.12,3.04,Ya
1416,3.35,3.62,3.42,3.32,Ya
1417,3.68,3.48,3.27,3.39,Ya
1418,3.62,3.52,3.52,3.39,Ya
1419,3.35,3.28,3.35,3.5,Ya
1420,3.39,3.5,3.17,3.09,Ya
1421,3.35,3.28,3.27,3.39,Ya
1422,3.35,3.08,3.18,3.09,Ya
1423,3.59,3.2,3.38,3.15,Ya
1424,3.5,3.45,3.44,3.35,Ya
1425,3.55,3.65,3.58,3.64,Ya
1426,3.52,3.35,3.42,3.3,Ya
1427,3.5,3.22,3.33,3.48,Ya
1428,3.33,3.25,3.17,3.16,Ya
1429,3.32,3.18,3.23,3.3,Ya
1430,3.42,3.18,3.18,3.06,Ya
1431,3.52,3.42,3.23,3.28,Ya
1432,3.4,3.3,3.12,3.39,Ya
1433,3.36,3.18,3.31,2.91,Ya
1434,3.32,3.25,3.17,3.18,Ya
1435,2.66,3.05,3.04,1.28,Ya
1436,3.38,3.3,3.28,3.44,Ya
1437,3.49,3.15,3.36,3.48,Ya
1438,3.53,3.65,3.68,3.66,Ya
1439,3.5,3.28,3.28,3.48,Ya
1440,3.44,3.33,3.6,3.61,Ya
1441,3.26,3.31,3.48,3.27,Ya
1442,3.54,3.5,3.41,3.67,Ya
1443,3.47,3.4,3.48,3.61,Ya
1444,3.55,3.48,3.59,3.7,Ya
1445,3.25,3.65,3.58,3.59,Ya
1446,3.58,3.38,3.55,3.68,Ya
1447,3.72,3.75,3.73,3.69,Ya
1448,3.29,3.06,3.15,3.21,Ya
1449,2.92,2.7,2.89,3.25,Ya
1450,3.2,2.9,3.06,3.25,Ya
1451,2.98,2.7,2.96,2.92,Ya
1452,3.23,3.16,3.16,2.84,Ya
1453,3.4,3.33,3.29,3.33,Ya
1454,3.45,3.06,3.19,3.52,Ya
1455,3.44,3.39,3.38,3.54,Ya
1456,3.5,3.5,3.44,3.52,Ya
1457,3.28,3.14,3.19,3.14,Ya
1458,3.18,3.22,3.14,3.35,Ya
1459,3.08,3.04,3.07,3.06,Ya
1460,2.93,3.03,3.1,3.15,Ya
1461,3.23,3.12,3.2,3.35,Ya
1462,3.07,3.19,3.39,3.38,Ya
1463,3.36,3.25,3.33,3.6,Ya
1464,3.66,3.67,3.75,3.83,Ya
1465,3.52,3.44,3.21,3.5,Ya
1466,3.52,3.25,3.52,3.67,Ya
1467,3.32,3.0,3.08,3.27,Ya
1468,3.15,3.06,3.19,3.15,Ya
1469,3.52,3.5,3.67,3.67,Ya
1470,3.11,3.5,3.46,3.46,Ya
1471,3.39,3.31,3.35,3.5,Ya
1472,3.32,3.36,3.62,3.52,Ya
1473,3.48,3.5,3.65,3.73,Ya
1474,2.98,3.41,3.47,3.6,Ya
1475,3.32,3.22,3.42,3.55,Ya
1476,2.98,3.41,3.32,3.45,Ya
1477,2.86,3.14,3.37,3.44,Ya
1478,3.28,3.25,3.15,3.19,Ya
1479,3.0,3.42,2.92,2.85,Ya
1480,2.94,3.25,3.12,2.81,Ya
1481,3.31,3.31,3.12,3.46,Ya
1482,3.23,3.48,3.5,3.79,Ya
1483,2.92,3.14,3.2,3.5,Ya
1484,2.88,3.05,2.92,3.27,Ya
1485,3.24,3.14,3.48,3.62,Ya
1486,3.24,2.65,3.4,3.75,Ya
1487,3.19,3.6,3.41,3.59,Ya
1488,2.9,3.01,2.93,3.47,Ya
1489,2.97,2.99,3.25,3.38,Ya
1490,3.26,3.45,3.55,3.75,Ya
1491,3.49,3.59,3.47,3.66,Ya
1492,3.12,3.38,3.4,3.53,Ya
1493,3.56,3.51,3.51,3.78,Ya
1494,2.85,3.35,3.09,3.08,Ya
1495,3.05,3.46,3.11,3.5,Ya
1496,3.34,3.35,3.78,3.59,Ya
1497,2.64,3.35,3.08,3.47,Ya
1498,2.84,3.11,3.06,3.17,Ya
1499,3.19,2.88,3.29,3.19,Ya
1500,3.58,3.81,3.64,3.56,Ya
1501,3.03,2.74,3.06,2.9,Ya
1502,2.77,3.03,3.25,3.06,Ya
1503,3.13,3.0,3.32,3.22,Ya
1504,2.88,2.6,2.85,3.25,Ya
1505,3.0,3.48,3.38,3.44,Ya
1506,2.9,3.0,3.18,3.16,Ya
1507,2.66,3.02,3.3,3.3,Ya
1508,3.72,3.62,3.57,3.58,Ya
1509,3.41,3.72,3.55,3.56,Ya
1510,3.65,3.62,3.54,3.62,Ya
1511,3.52,3.36,3.55,3.47,Ya
1512,3.49,3.38,3.24,3.36,Ya
1513,3.52,3.6,3.47,3.56,Ya
1514,3.26,3.32,3.45,3.34,Ya
1515,3.68,3.71,3.76,3.62,Ya
1516,3.52,3.7,3.6,3.56,Ya
1517,3.43,3.48,3.59,3.53,Ya
1518,3.31,3.38,3.41,3.47,Ya
1519,3.4,3.34,3.4,3.44,Ya
1520,3.61,3.34,3.54,3.56,Ya
1521,3.42,3.06,3.39,3.34,Ya
1522,3.58,3.74,3.59,3.56,Ya
1523,3.26,3.41,3.45,3.41,Ya
1524,3.5,3.45,3.37,3.59,Ya
1525,3.53,3.42,3.59,3.47,Ya
1526,3.24,3.38,3.41,3.44,Ya
1527,3.49,3.35,3.48,3.47,Ya
1528,3.22,3.39,3.51,3.41,Ya
1529,3.37,3.42,3.52,3.41,Ya
1530,3.7,3.85,3.92,3.59,Ya
1531,3.23,3.27,3.54,3.41,Ya
1532,3.46,3.5,3.3,3.34,Ya
1533,3.6,3.64,3.69,3.47,Ya
1534,3.39,3.54,3.55,3.47,Ya
1535,3.6,3.54,3.57,3.41,Ya
1536,3.04,3.22,3.14,3.52,Ya
1537,3.53,3.19,3.51,3.59,Ya
1538,3.41,3.21,3.17,3.16,Ya
1539,3.15,3.03,2.93,2.82,Ya
1540,3.39,3.39,3.18,3.64,Ya
1541,3.42,3.33,3.7,3.69,Ya
1542,3.08,3.17,3.08,3.31,Ya
1543,3.21,3.05,3.02,3.25,Ya
1544,3.2,3.08,3.18,3.36,Ya
1545,3.35,3.14,3.28,3.31,Tidak
1546,3.19,3.07,2.93,3.52,Ya
1547,3.16,3.27,3.26,3.36,Ya
1548,3.34,2.98,3.15,3.49,Ya
1549,3.01,3.0,3.09,3.32,Ya
1550,2.92,2.83,3.01,3.3,Ya
1551,2.91,3.25,3.11,3.59,Ya
1552,3.59,3.38,3.35,3.77,Ya
1553,3.35,3.32,3.33,3.5,Ya
1554,3.59,3.49,3.23,3.73,Ya
1555,3.36,3.31,3.3,3.57,Ya
1556,3.39,3.76,3.32,3.76,Ya
1557,3.4,3.36,3.28,3.49,Ya
1558,3.3,3.54,2.98,3.73,Ya
1559,3.67,3.83,3.45,3.76,Ya
1560,3.54,3.54,3.35,3.7,Ya
1561,3.33,3.47,3.06,3.59,Ya
1562,3.23,3.25,3.15,3.73,Ya
1563,3.52,3.54,3.39,3.73,Ya
1564,3.46,3.52,3.41,3.56,Ya
1565,3.04,3.34,3.29,3.38,Ya
1566,3.22,3.35,3.31,3.56,Ya
1567,3.29,3.46,3.28,3.47,Ya
1568,3.04,3.33,3.05,3.16,Ya
1569,3.39,3.35,3.52,3.56,Ya
1570,3.39,3.49,2.97,3.46,Ya
1571,3.26,3.52,3.43,3.53,Ya
1572,3.24,3.22,3.08,2.69,Ya
1573,3.26,3.58,3.46,3.59,Ya
1574,3.36,3.44,3.23,3.53,Ya
1575,3.29,3.51,3.21,3.31,Ya
1576,3.59,3.83,3.85,3.75,Ya
1577,3.45,3.69,3.47,3.53,Ya
1578,3.26,3.29,3.27,3.47,Ya
1579,3.28,3.36,3.21,3.34,Ya
1580,3.34,3.27,3.02,3.5,Ya
1581,3.51,3.68,3.71,3.59,Ya
1582,3.18,3.38,3.51,3.53,Ya
1583,3.09,3.42,3.4,3.41,Ya
1584,3.36,3.57,3.63,3.59,Ya
1585,3.26,3.44,3.6,3.53,Ya
1586,3.12,3.14,3.3,3.48,Ya
1587,3.26,3.11,3.03,3.59,Tidak
1588,3.49,3.13,3.39,3.32,Ya
1589,3.17,3.48,3.17,3.59,Ya
1590,3.67,3.74,3.49,3.58,Ya
1591,3.42,3.29,3.54,3.72,Ya
1592,3.04,3.14,3.27,2.84,Ya
1593,3.62,3.77,3.74,3.78,Ya
1594,3.37,3.59,3.68,3.32,Ya
1595,2.91,2.58,2.94,3.06,Tidak
1596,3.3,3.34,3.38,3.41,Ya
1597,3.16,3.21,2.92,2.98,Tidak
1598,3.11,3.46,3.25,3.16,Ya
1599,3.28,3.48,3.42,3.39,Ya
1600,3.54,3.52,3.61,3.69,Tidak
1601,3.24,2.91,3.14,3.2,Ya
1602,3.36,3.59,3.28,3.33,Ya
1603,3.16,3.18,3.29,3.57,Ya
1604,3.42,3.5,3.55,3.62,Ya
1605,3.14,3.22,3.1,3.51,Ya
1606,3.22,3.09,3.15,3.46,Ya
1607,3.12,3.0,2.87,3.4,Ya
1608,3.1,3.15,2.98,3.45,Ya
1609,3.08,3.22,3.27,3.52,Ya
1610,2.98,2.84,3.11,3.28,Ya
1611,3.06,3.23,3.29,3.42,Ya
1612,3.35,3.18,3.38,3.67,Ya
1613,3.1,3.11,3.18,3.51,Ya
1614,3.24,3.23,3.4,3.66,Ya
1615,3.28,3.15,3.15,3.41,Ya
1616,3.54,3.41,3.49,3.6,Ya
1617,3.15,3.05,3.19,3.52,Ya
1618,3.19,3.0,3.19,3.4,Ya
1619,3.23,3.03,3.18,3.45,Ya
1620,3.5,3.05,3.2,3.45,Ya
1621,3.06,3.15,3.14,3.43,Ya
1622,3.07,2.99,3.29,3.45,Ya
1623,3.17,3.1,3.02,3.38,Ya
1624,3.51,3.27,3.6,3.54,Ya
1625,3.0,2.92,3.19,3.43,Ya
1626,3.33,3.2,3.23,3.46,Ya
1627,3.12,2.95,3.08,3.45,Ya
1628,3.55,3.55,3.64,3.71,Ya
1629,3.02,2.74,2.82,3.18,Ya
1630,3.33,3.23,3.4,3.71,Ya
1631,3.27,3.22,3.38,3.71,Ya
1632,3.21,3.27,3.25,3.64,Ya
1633,3.11,2.83,2.99,3.47,Ya
1634,3.06,2.78,3.04,3.47,Ya
1635,3.05,3.23,3.05,3.4,Ya
1636,3.4,3.19,3.44,3.52,Ya
1637,3.0,2.99,3.2,3.58,Ya
1638,3.47,3.2,3.63,3.64,Ya
1639,3.09,2.99,3.11,3.53,Ya
1640,3.21,3.07,3.05,3.49,Ya
1641,3.28,3.31,3.21,3.59,Ya
1642,3.21,3.27,3.31,3.52,Ya
1643,3.3,3.16,3.35,3.6,Ya
1644,3.26,3.27,3.42,3.63,Ya
1645,3.07,3.14,3.14,3.31,Ya
1646,3.2,3.25,3.32,3.49,Ya
1647,3.23,3.14,3.05,3.56,Ya
1648,3.09,3.21,3.24,3.5,Ya
1649,3.26,3.13,3.24,3.52,Ya
1650,3.49,3.31,3.66,3.81,Ya
1651,3.41,3.27,3.53,3.53,Ya
1652,3.19,3.14,3.17,3.42,Ya
1653,3.26,3.26,3.43,3.58,Ya
1654,3.44,3.46,3.49,3.55,Ya
1655,3.25,3.06,3.11,3.35,Ya
1656,3.14,3.04,2.96,3.15,Ya
1657,3.42,3.21,3.38,3.53,Ya
1658,3.25,3.17,3.16,3.51,Ya
1659,3.49,3.3,3.25,3.55,Ya
1660,3.47,3.42,3.26,3.74,Ya
1661,3.24,3.4,3.22,3.49,Ya
1662,3.2,3.11,3.22,3.51,Ya
1663,3.32,3.25,3.46,3.73,Ya
1664,3.09,3.12,3.14,3.49,Ya
1665,3.34,3.31,3.33,3.55,Ya
1666,3.16,3.11,3.13,3.44,Ya
1667,3.08,3.12,2.96,3.32,Ya
1668,3.36,3.27,3.5,3.72,Ya
1669,3.27,3.23,3.21,3.47,Ya
1670,3.34,3.37,3.43,3.53,Ya
1671,3.15,3.18,3.35,3.54,Ya
1672,3.47,2.91,3.34,3.5,Ya
1673,3.17,3.12,3.35,3.5,Ya
1674,3.29,3.27,3.38,3.68,Ya
1675,3.29,3.28,3.49,3.58,Ya
1676,3.19,3.27,3.32,3.55,Ya
1677,3.62,3.39,3.56,3.72,Ya
1678,3.42,3.28,3.5,3.58,Ya
1679,2.98,3.12,3.24,3.58,Ya
1680,3.13,2.96,3.21,3.38,Ya
1681,3.2,3.26,3.36,3.5,Ya
1682,3.07,3.04,3.39,3.55,Ya
1683,3.29,3.22,3.33,3.68,Ya
1684,3.31,3.25,3.44,3.52,Ya
1685,3.44,3.35,3.5,3.5,Ya
1686,3.18,3.05,3.05,3.27,Ya
